{"count":1,"self":41.480726399999995,"total":42.915402799999995,"children":{"InitializeActuators":{"count":1,"self":0.0010012,"total":0.0010012,"children":null},"InitializeSensors":{"count":1,"self":0.00099739999999999985,"total":0.00099739999999999985,"children":null},"AgentSendState":{"count":1928,"self":0.0082043999999999988,"total":0.019744499999999998,"children":{"CollectObservations":{"count":387,"self":0.00099669999999999989,"total":0.00099669999999999989,"children":null},"WriteActionMask":{"count":387,"self":0.00099819999999999987,"total":0.00099819999999999987,"children":null},"RequestDecision":{"count":387,"self":0.0095452,"total":0.0095452,"children":null}}},"DecideAction":{"count":1928,"self":1.4017756,"total":1.4017756,"children":null},"AgentAct":{"count":1928,"self":0.0111573,"total":0.0111573,"children":null}},"gauges":{"My Behavior.CumulativeReward":{"count":1,"max":0.299999982,"min":0.299999982,"runningAverage":0.299999982,"value":0.299999982,"weightedAverage":0.299999982}},"metadata":{"timer_format_version":"0.1.0","start_time_seconds":"1687694499","unity_version":"2021.3.10f1","command_line_arguments":"D:\\Programas\\Unity\\2021.3.10f1\\Editor\\Unity.exe -projectpath D:\\Programas\\UnityProjects\\Auto_battler -useHub -hubIPC -cloudEnvironment production -licensingIpc LicenseClient-stefu -hubSessionId a6ac9530-1325-11ee-8299-49d6c33cbc5a -accessToken k3LTtqOmbnwud7PGfKt6HFJKkelF0wL2iAq50znO0vw006f","communication_protocol_version":"1.5.0","com.unity.ml-agents_version":"2.0.1","scene_name":"SampleScene","end_time_seconds":"1687694542"}}